"age","popF_abs","Source"
9,146503.509368,"NSO"
10,131391.294728,"NSO"
11,131391.294728,"NSO"
12,131391.294728,"NSO"
13,131391.294728,"NSO"
14,131391.294728,"NSO"
